epoch,loss
1,5.025869
2,4.654229
3,4.442080
