epoch,loss
1,4.949144
2,4.790129
3,4.500130
