{
  "model": "ch09_gpt_sovits",
  "timestamp": "2026-06-29T01:13:04.804482",
  "status": "complete",
  "stage1_loss": 5.1999,
  "stage1_time": 25.706937551498413,
  "stage1_epoch_times": [
    3.8,
    3.1,
    3.1
  ],
  "gpu_memory_stage1_mb": 0.0,
  "stage2_loss": null,
  "stage2_time": 136.69073009490967,
  "stage2_epoch_times": [
    64.9,
    29.6,
    24.8
  ],
  "train_time_total": 162.39766764640808,
  "final_loss": 5.1999,
  "params": 31626892,
  "params_millions": 31.626892,
  "inference_success": true,
  "rtf": 41.955
}